<?xml version="1.0" encoding="utf-8" standalone="yes"?>
<rss version="2.0" xmlns:atom="http://www.w3.org/2005/Atom">
  <channel>
    <title>Projects on MIT OpenCourseWare</title>
    <link>/resources/projects/</link>
    <description>Recent content in Projects on MIT OpenCourseWare</description>
    <generator>Hugo -- gohugo.io</generator>
    <language>en-us</language><atom:link href="/resources/projects/index.xml" rel="self" type="application/rss+xml" />
    <item>
      <title>2003_table_above.jpg</title>
      <link>/resources/2003_table_above/data.json</link>
      <pubDate>Mon, 01 Jan 0001 00:00:00 +0000</pubDate>
      
      <guid>/resources/2003_table_above/data.json</guid>
      <description></description>
    </item>
    
    <item>
      <title>2003_table_half.jpg</title>
      <link>/resources/2003_table_half/data.json</link>
      <pubDate>Mon, 01 Jan 0001 00:00:00 +0000</pubDate>
      
      <guid>/resources/2003_table_half/data.json</guid>
      <description></description>
    </item>
    
    <item>
      <title>2003_table_labels.jpg</title>
      <link>/resources/2003_table_labels/data.json</link>
      <pubDate>Mon, 01 Jan 0001 00:00:00 +0000</pubDate>
      
      <guid>/resources/2003_table_labels/data.json</guid>
      <description></description>
    </item>
    
    <item>
      <title>2003_table_platter.jpg</title>
      <link>/resources/2003_table_platter/data.json</link>
      <pubDate>Mon, 01 Jan 0001 00:00:00 +0000</pubDate>
      
      <guid>/resources/2003_table_platter/data.json</guid>
      <description></description>
    </item>
    
    <item>
      <title>2003_table_side.jpg</title>
      <link>/resources/2003_table_side/data.json</link>
      <pubDate>Mon, 01 Jan 0001 00:00:00 +0000</pubDate>
      
      <guid>/resources/2003_table_side/data.json</guid>
      <description></description>
    </item>
    
    <item>
      <title>2003_table.jpg</title>
      <link>/resources/2003_table/data.json</link>
      <pubDate>Mon, 01 Jan 0001 00:00:00 +0000</pubDate>
      
      <guid>/resources/2003_table/data.json</guid>
      <description></description>
    </item>
    
    <item>
      <title>2003_Table.zip</title>
      <link>/resources/2003_table-1/data.json</link>
      <pubDate>Mon, 01 Jan 0001 00:00:00 +0000</pubDate>
      
      <guid>/resources/2003_table-1/data.json</guid>
      <description></description>
    </item>
    
    <item>
      <title>2004_battery.jpg</title>
      <link>/resources/2004_battery/data.json</link>
      <pubDate>Mon, 01 Jan 0001 00:00:00 +0000</pubDate>
      
      <guid>/resources/2004_battery/data.json</guid>
      <description></description>
    </item>
    
    <item>
      <title>2tables.jpg</title>
      <link>/resources/2tables/data.json</link>
      <pubDate>Mon, 01 Jan 0001 00:00:00 +0000</pubDate>
      
      <guid>/resources/2tables/data.json</guid>
      <description></description>
    </item>
    
    <item>
      <title>3way2003_basic.jpg</title>
      <link>/resources/3way2003_basic/data.json</link>
      <pubDate>Mon, 01 Jan 0001 00:00:00 +0000</pubDate>
      
      <guid>/resources/3way2003_basic/data.json</guid>
      <description></description>
    </item>
    
    <item>
      <title>battery_plug.jpg</title>
      <link>/resources/battery_plug/data.json</link>
      <pubDate>Mon, 01 Jan 0001 00:00:00 +0000</pubDate>
      
      <guid>/resources/battery_plug/data.json</guid>
      <description></description>
    </item>
    
    <item>
      <title>block.jpg</title>
      <link>/resources/block/data.json</link>
      <pubDate>Mon, 01 Jan 0001 00:00:00 +0000</pubDate>
      
      <guid>/resources/block/data.json</guid>
      <description></description>
    </item>
    
    <item>
      <title>Box back</title>
      <link>/resources/control_box_back/data.json</link>
      <pubDate>Mon, 01 Jan 0001 00:00:00 +0000</pubDate>
      
      <guid>/resources/control_box_back/data.json</guid>
      <description>Image of the back of the control box for a design and manufacturing project showing the status indicators, power LED, and motor status indicators.</description>
    </item>
    
    <item>
      <title>box_on_mount.jpg</title>
      <link>/resources/box_on_mount/data.json</link>
      <pubDate>Mon, 01 Jan 0001 00:00:00 +0000</pubDate>
      
      <guid>/resources/box_on_mount/data.json</guid>
      <description></description>
    </item>
    
    <item>
      <title>chp_table.jpg</title>
      <link>/resources/chp_table/data.json</link>
      <pubDate>Mon, 01 Jan 0001 00:00:00 +0000</pubDate>
      
      <guid>/resources/chp_table/data.json</guid>
      <description></description>
    </item>
    
    <item>
      <title>clean_elvish_script.jpg</title>
      <link>/resources/clean_elvish_script/data.json</link>
      <pubDate>Mon, 01 Jan 0001 00:00:00 +0000</pubDate>
      
      <guid>/resources/clean_elvish_script/data.json</guid>
      <description></description>
    </item>
    
    <item>
      <title>Contest Rules</title>
      <link>/pages/projects/contest_rules_05/data.json</link>
      <pubDate>Mon, 01 Jan 0001 00:00:00 +0000</pubDate>
      
      <guid>/pages/projects/contest_rules_05/data.json</guid>
      <description>All images courtesy of Alex Slocum.
How To Score Each contestant&amp;rsquo;s score is found using the following algorithm:
Score = Scoring Multiplier * [Scoring Bin Total + Marked Side - Penalties]
Scoring Bin Total - The sum of the total points scored by placing colored foam blocks into the various scoring bins. The points are assigned to the contestant by color (e.g. red player gets points for any red block placed in a bin).</description>
    </item>
    
    <item>
      <title>Contest Rules</title>
      <link>/pages/projects/rules/data.json</link>
      <pubDate>Mon, 01 Jan 0001 00:00:00 +0000</pubDate>
      
      <guid>/pages/projects/rules/data.json</guid>
      <description>Scoring Three scoring items: cans, bales, and the plant
Scoring is a function of item and location and the possible scoring tasks are listed below:
You score points for placing color-coded cans in your storage slot. The can won&amp;rsquo;t fit unless it&amp;rsquo;s crushed. There are four cans of each color: two of those are already crushed enough to fit in the slot, two are not crushed at all. You earn points for each color-coded bale of compressed trash placed within a designated area.</description>
    </item>
    
    <item>
      <title>contest_layout.jpg</title>
      <link>/resources/contest_layout/data.json</link>
      <pubDate>Mon, 01 Jan 0001 00:00:00 +0000</pubDate>
      
      <guid>/resources/contest_layout/data.json</guid>
      <description></description>
    </item>
    
    <item>
      <title>Control System Information</title>
      <link>/pages/projects/control_system_information/data.json</link>
      <pubDate>Mon, 01 Jan 0001 00:00:00 +0000</pubDate>
      
      <guid>/pages/projects/control_system_information/data.json</guid>
      <description>All images courtesy of Alex Slocum.
Wiring Your Machine
The Control Box
Student Interface
Contest Plan
Calibration
System Overview The picture below is a schematic overview of the whole system. Two batteries supply power to the control box. The control box distributes that power to the four actuators based on commands it receives from the transmitter. The transmitter receives commands from joysticks/throttles via the microprocessor. For the details of each sub-system, please consult the appropriate sub-section of this page.</description>
    </item>
    
    <item>
      <title>control_box_cad.zip</title>
      <link>/resources/control_box_cad/data.json</link>
      <pubDate>Mon, 01 Jan 0001 00:00:00 +0000</pubDate>
      
      <guid>/resources/control_box_cad/data.json</guid>
      <description>The ZIP file contains: 25 .sldprt files, 3 .sldasm files, and 1 .swj file.</description>
    </item>
    
    <item>
      <title>Control_Box.zip</title>
      <link>/resources/control_box/data.json</link>
      <pubDate>Mon, 01 Jan 0001 00:00:00 +0000</pubDate>
      
      <guid>/resources/control_box/data.json</guid>
      <description>The ZIP file contains: 25 .sldprt files, 3 .sldasm files, and 1 .swj file.</description>
    </item>
    
    <item>
      <title>control_podium.jpg</title>
      <link>/resources/control_podium/data.json</link>
      <pubDate>Mon, 01 Jan 0001 00:00:00 +0000</pubDate>
      
      <guid>/resources/control_podium/data.json</guid>
      <description></description>
    </item>
    
    <item>
      <title>controlbox_front.jpg</title>
      <link>/resources/controlbox_front/data.json</link>
      <pubDate>Mon, 01 Jan 0001 00:00:00 +0000</pubDate>
      
      <guid>/resources/controlbox_front/data.json</guid>
      <description></description>
    </item>
    
    <item>
      <title>controlboxbuttons2.jpg</title>
      <link>/resources/controlboxbuttons2/data.json</link>
      <pubDate>Mon, 01 Jan 0001 00:00:00 +0000</pubDate>
      
      <guid>/resources/controlboxbuttons2/data.json</guid>
      <description></description>
    </item>
    
    <item>
      <title>controlboxiso1.jpg</title>
      <link>/resources/controlboxiso1/data.json</link>
      <pubDate>Mon, 01 Jan 0001 00:00:00 +0000</pubDate>
      
      <guid>/resources/controlboxiso1/data.json</guid>
      <description></description>
    </item>
    
    <item>
      <title>controlboxiso2.jpg</title>
      <link>/resources/controlboxiso2/data.json</link>
      <pubDate>Mon, 01 Jan 0001 00:00:00 +0000</pubDate>
      
      <guid>/resources/controlboxiso2/data.json</guid>
      <description></description>
    </item>
    
    <item>
      <title>controlboxmotors.jpg</title>
      <link>/resources/controlboxmotors/data.json</link>
      <pubDate>Mon, 01 Jan 0001 00:00:00 +0000</pubDate>
      
      <guid>/resources/controlboxmotors/data.json</guid>
      <description></description>
    </item>
    
    <item>
      <title>controlboxstatus.jpg</title>
      <link>/resources/controlboxstatus/data.json</link>
      <pubDate>Mon, 01 Jan 0001 00:00:00 +0000</pubDate>
      
      <guid>/resources/controlboxstatus/data.json</guid>
      <description></description>
    </item>
    
    <item>
      <title>controlpdmcotrls.jpg</title>
      <link>/resources/controlpdmcotrls/data.json</link>
      <pubDate>Mon, 01 Jan 0001 00:00:00 +0000</pubDate>
      
      <guid>/resources/controlpdmcotrls/data.json</guid>
      <description></description>
    </item>
    
    <item>
      <title>controlpodium20022.jpg</title>
      <link>/resources/controlpodium20022/data.json</link>
      <pubDate>Mon, 01 Jan 0001 00:00:00 +0000</pubDate>
      
      <guid>/resources/controlpodium20022/data.json</guid>
      <description></description>
    </item>
    
    <item>
      <title>controlpodmpower.jpg</title>
      <link>/resources/controlpodmpower/data.json</link>
      <pubDate>Mon, 01 Jan 0001 00:00:00 +0000</pubDate>
      
      <guid>/resources/controlpodmpower/data.json</guid>
      <description></description>
    </item>
    
    <item>
      <title>front.jpg</title>
      <link>/resources/front/data.json</link>
      <pubDate>Mon, 01 Jan 0001 00:00:00 +0000</pubDate>
      
      <guid>/resources/front/data.json</guid>
      <description></description>
    </item>
    
    <item>
      <title>insulatd_mot_con.jpg</title>
      <link>/resources/insulatd_mot_con/data.json</link>
      <pubDate>Mon, 01 Jan 0001 00:00:00 +0000</pubDate>
      
      <guid>/resources/insulatd_mot_con/data.json</guid>
      <description></description>
    </item>
    
    <item>
      <title>insulatedmotorconnectionsweb.jpg</title>
      <link>/resources/insulatedmotorconnectionsweb/data.json</link>
      <pubDate>Mon, 01 Jan 0001 00:00:00 +0000</pubDate>
      
      <guid>/resources/insulatedmotorconnectionsweb/data.json</guid>
      <description></description>
    </item>
    
    <item>
      <title>isometric.jpg</title>
      <link>/resources/isometric/data.json</link>
      <pubDate>Mon, 01 Jan 0001 00:00:00 +0000</pubDate>
      
      <guid>/resources/isometric/data.json</guid>
      <description></description>
    </item>
    
    <item>
      <title>MIT2_007s09_15_14pinconnector.pdf</title>
      <link>/resources/mit2_007s09_15_14pinconnector/data.json</link>
      <pubDate>Mon, 01 Jan 0001 00:00:00 +0000</pubDate>
      
      <guid>/resources/mit2_007s09_15_14pinconnector/data.json</guid>
      <description>This resource contains information about kit part: circular 14 pin connector.</description>
    </item>
    
    <item>
      <title>MIT2_007s09_controlbox_mount.pdf</title>
      <link>/resources/mit2_007s09_controlbox_mount/data.json</link>
      <pubDate>Mon, 01 Jan 0001 00:00:00 +0000</pubDate>
      
      <guid>/resources/mit2_007s09_controlbox_mount/data.json</guid>
      <description>This resource contains information about Use the adhesive on the back of the magnets to assemble the mount according to this drawing.</description>
    </item>
    
    <item>
      <title>MIT2_007s09_controlsystdebug.pdf</title>
      <link>/resources/mit2_007s09_controlsystdebug/data.json</link>
      <pubDate>Mon, 01 Jan 0001 00:00:00 +0000</pubDate>
      
      <guid>/resources/mit2_007s09_controlsystdebug/data.json</guid>
      <description>This resource contains information about quick debug sheet.</description>
    </item>
    
    <item>
      <title>MIT2_007s09_controlsystemlec.pdf</title>
      <link>/resources/mit2_007s09_controlsystemlec/data.json</link>
      <pubDate>Mon, 01 Jan 0001 00:00:00 +0000</pubDate>
      
      <guid>/resources/mit2_007s09_controlsystemlec/data.json</guid>
      <description>This resource contains information about control system lecture and control system overview.</description>
    </item>
    
    <item>
      <title>MIT2_007s09_court.pdf</title>
      <link>/resources/mit2_007s09_court/data.json</link>
      <pubDate>Mon, 01 Jan 0001 00:00:00 +0000</pubDate>
      
      <guid>/resources/mit2_007s09_court/data.json</guid>
      <description>This resource contains information about supreme court decisions and rule clarifications.</description>
    </item>
    
    <item>
      <title>MIT2_007s09_f01.pdf</title>
      <link>/resources/mit2_007s09_f01/data.json</link>
      <pubDate>Mon, 01 Jan 0001 00:00:00 +0000</pubDate>
      
      <guid>/resources/mit2_007s09_f01/data.json</guid>
      <description>This resource contains detailed description and presentation.</description>
    </item>
    
    <item>
      <title>MIT2_007s09_f02.pdf</title>
      <link>/resources/mit2_007s09_f02/data.json</link>
      <pubDate>Mon, 01 Jan 0001 00:00:00 +0000</pubDate>
      
      <guid>/resources/mit2_007s09_f02/data.json</guid>
      <description>This resource contains description and information about the format delivery.</description>
    </item>
    
    <item>
      <title>MIT2_007s09_f03.pdf</title>
      <link>/resources/mit2_007s09_f03/data.json</link>
      <pubDate>Mon, 01 Jan 0001 00:00:00 +0000</pubDate>
      
      <guid>/resources/mit2_007s09_f03/data.json</guid>
      <description>This resource contains information about deliverable and other activities.</description>
    </item>
    
    <item>
      <title>MIT2_007s09_f04.pdf</title>
      <link>/resources/mit2_007s09_f04/data.json</link>
      <pubDate>Mon, 01 Jan 0001 00:00:00 +0000</pubDate>
      
      <guid>/resources/mit2_007s09_f04/data.json</guid>
      <description>This resource contains information about deliverable and other activities.</description>
    </item>
    
    <item>
      <title>MIT2_007s09_f05.pdf</title>
      <link>/resources/mit2_007s09_f05/data.json</link>
      <pubDate>Mon, 01 Jan 0001 00:00:00 +0000</pubDate>
      
      <guid>/resources/mit2_007s09_f05/data.json</guid>
      <description>This resource contains information about deliverable and other activities.</description>
    </item>
    
    <item>
      <title>MIT2_007s09_f06.pdf</title>
      <link>/resources/mit2_007s09_f06/data.json</link>
      <pubDate>Mon, 01 Jan 0001 00:00:00 +0000</pubDate>
      
      <guid>/resources/mit2_007s09_f06/data.json</guid>
      <description>This resource contains information about deliverable and other activities.</description>
    </item>
    
    <item>
      <title>MIT2_007s09_f07.pdf</title>
      <link>/resources/mit2_007s09_f07/data.json</link>
      <pubDate>Mon, 01 Jan 0001 00:00:00 +0000</pubDate>
      
      <guid>/resources/mit2_007s09_f07/data.json</guid>
      <description>This resource contains information about deliverable and other activities.</description>
    </item>
    
    <item>
      <title>MIT2_007s09_f08.pdf</title>
      <link>/resources/mit2_007s09_f08/data.json</link>
      <pubDate>Mon, 01 Jan 0001 00:00:00 +0000</pubDate>
      
      <guid>/resources/mit2_007s09_f08/data.json</guid>
      <description>This resource contains information about deliverable and other activities.</description>
    </item>
    
    <item>
      <title>MIT2_007s09_f09.pdf</title>
      <link>/resources/mit2_007s09_f09/data.json</link>
      <pubDate>Mon, 01 Jan 0001 00:00:00 +0000</pubDate>
      
      <guid>/resources/mit2_007s09_f09/data.json</guid>
      <description>This resource contains information about deliverable and other activities.</description>
    </item>
    
    <item>
      <title>MIT2_007s09_f10.pdf</title>
      <link>/resources/mit2_007s09_f10/data.json</link>
      <pubDate>Mon, 01 Jan 0001 00:00:00 +0000</pubDate>
      
      <guid>/resources/mit2_007s09_f10/data.json</guid>
      <description>This resource contains information about deliverable and other activities.</description>
    </item>
    
    <item>
      <title>MIT2_007s09_f11.pdf</title>
      <link>/resources/mit2_007s09_f11/data.json</link>
      <pubDate>Mon, 01 Jan 0001 00:00:00 +0000</pubDate>
      
      <guid>/resources/mit2_007s09_f11/data.json</guid>
      <description>This resource contains information about deliverable and other activities.</description>
    </item>
    
    <item>
      <title>MIT2_007s09_FAQ.pdf</title>
      <link>/resources/mit2_007s09_faq/data.json</link>
      <pubDate>Mon, 01 Jan 0001 00:00:00 +0000</pubDate>
      
      <guid>/resources/mit2_007s09_faq/data.json</guid>
      <description>This resource contains information about supreme court decisions, and rule clarifications.</description>
    </item>
    
    <item>
      <title>MIT2_007s09_kit.pdf</title>
      <link>/resources/mit2_007s09_kit/data.json</link>
      <pubDate>Mon, 01 Jan 0001 00:00:00 +0000</pubDate>
      
      <guid>/resources/mit2_007s09_kit/data.json</guid>
      <description>This resource contains information about printable copy of the 2.007 kit parts.</description>
    </item>
    
    <item>
      <title>MIT2_007s09_kit09.pdf</title>
      <link>/resources/mit2_007s09_kit09/data.json</link>
      <pubDate>Mon, 01 Jan 0001 00:00:00 +0000</pubDate>
      
      <guid>/resources/mit2_007s09_kit09/data.json</guid>
      <description></description>
    </item>
    
    <item>
      <title>MIT2_007s09_kitdatabase.pdf</title>
      <link>/resources/mit2_007s09_kitdatabase/data.json</link>
      <pubDate>Mon, 01 Jan 0001 00:00:00 +0000</pubDate>
      
      <guid>/resources/mit2_007s09_kitdatabase/data.json</guid>
      <description>This resource contains information about solid models of kit parts in solid works.</description>
    </item>
    
    <item>
      <title>MIT2_007s09_kp_cir14pinamp.pdf</title>
      <link>/resources/mit2_007s09_kp_cir14pinamp/data.json</link>
      <pubDate>Mon, 01 Jan 0001 00:00:00 +0000</pubDate>
      
      <guid>/resources/mit2_007s09_kp_cir14pinamp/data.json</guid>
      <description>This resource contains information about the pins and lead wire from the cabinet.</description>
    </item>
    
    <item>
      <title>MIT2_007s09_LiPo.pdf</title>
      <link>/resources/mit2_007s09_lipo/data.json</link>
      <pubDate>Mon, 01 Jan 0001 00:00:00 +0000</pubDate>
      
      <guid>/resources/mit2_007s09_lipo/data.json</guid>
      <description>This resource contains information about lithium polymer batteries.</description>
    </item>
    
    <item>
      <title>MIT2_007s09_m01.pdf</title>
      <link>/resources/mit2_007s09_m01/data.json</link>
      <pubDate>Mon, 01 Jan 0001 00:00:00 +0000</pubDate>
      
      <guid>/resources/mit2_007s09_m01/data.json</guid>
      <description>This resource contains information about week&amp;rsquo;s activities, contest and kit exploration deliverable.</description>
    </item>
    
    <item>
      <title>MIT2_007s09_m02.pdf</title>
      <link>/resources/mit2_007s09_m02/data.json</link>
      <pubDate>Mon, 01 Jan 0001 00:00:00 +0000</pubDate>
      
      <guid>/resources/mit2_007s09_m02/data.json</guid>
      <description>This resource contains information about week&amp;rsquo;s activities and deliverables.</description>
    </item>
    
    <item>
      <title>MIT2_007s09_m03.pdf</title>
      <link>/resources/mit2_007s09_m03/data.json</link>
      <pubDate>Mon, 01 Jan 0001 00:00:00 +0000</pubDate>
      
      <guid>/resources/mit2_007s09_m03/data.json</guid>
      <description>This resource contains description and information about milestone 2 specific deliverables.</description>
    </item>
    
    <item>
      <title>MIT2_007s09_m04.pdf</title>
      <link>/resources/mit2_007s09_m04/data.json</link>
      <pubDate>Mon, 01 Jan 0001 00:00:00 +0000</pubDate>
      
      <guid>/resources/mit2_007s09_m04/data.json</guid>
      <description>This resource contains description and information about milestone 2 specific deliverables.</description>
    </item>
    
    <item>
      <title>MIT2_007s09_m05.pdf</title>
      <link>/resources/mit2_007s09_m05/data.json</link>
      <pubDate>Mon, 01 Jan 0001 00:00:00 +0000</pubDate>
      
      <guid>/resources/mit2_007s09_m05/data.json</guid>
      <description>This resource contains description and information about milestone 2 specific deliverables.</description>
    </item>
    
    <item>
      <title>MIT2_007s09_m06.pdf</title>
      <link>/resources/mit2_007s09_m06/data.json</link>
      <pubDate>Mon, 01 Jan 0001 00:00:00 +0000</pubDate>
      
      <guid>/resources/mit2_007s09_m06/data.json</guid>
      <description>This resource contains description and information about milestone 2 specific deliverables.</description>
    </item>
    
    <item>
      <title>MIT2_007s09_m07.pdf</title>
      <link>/resources/mit2_007s09_m07/data.json</link>
      <pubDate>Mon, 01 Jan 0001 00:00:00 +0000</pubDate>
      
      <guid>/resources/mit2_007s09_m07/data.json</guid>
      <description>This resource contains description and information about milestone 2 specific deliverables.</description>
    </item>
    
    <item>
      <title>MIT2_007s09_m08.pdf</title>
      <link>/resources/mit2_007s09_m08/data.json</link>
      <pubDate>Mon, 01 Jan 0001 00:00:00 +0000</pubDate>
      
      <guid>/resources/mit2_007s09_m08/data.json</guid>
      <description>This resource contains description and information about milestone 2 specific deliverables.</description>
    </item>
    
    <item>
      <title>MIT2_007s09_metal_bracket.pdf</title>
      <link>/resources/mit2_007s09_metal_bracket/data.json</link>
      <pubDate>Mon, 01 Jan 0001 00:00:00 +0000</pubDate>
      
      <guid>/resources/mit2_007s09_metal_bracket/data.json</guid>
      <description>This resource contains information about print out drawing and tape to sheet metal as a guide.</description>
    </item>
    
    <item>
      <title>MIT2_007s09_multipliers.pdf</title>
      <link>/resources/mit2_007s09_multipliers/data.json</link>
      <pubDate>Mon, 01 Jan 0001 00:00:00 +0000</pubDate>
      
      <guid>/resources/mit2_007s09_multipliers/data.json</guid>
      <description>This resource contains information about three block arrangements and four block arrangements.</description>
    </item>
    
    <item>
      <title>MIT2_007s09_rules03.pdf</title>
      <link>/resources/mit2_007s09_rules03/data.json</link>
      <pubDate>Mon, 01 Jan 0001 00:00:00 +0000</pubDate>
      
      <guid>/resources/mit2_007s09_rules03/data.json</guid>
      <description>This resource contains information about contest rules.</description>
    </item>
    
    <item>
      <title>MIT2_007s09_table_drawing.pdf</title>
      <link>/resources/mit2_007s09_table_drawing/data.json</link>
      <pubDate>Mon, 01 Jan 0001 00:00:00 +0000</pubDate>
      
      <guid>/resources/mit2_007s09_table_drawing/data.json</guid>
      <description>This resource contains information about table overview drawing.</description>
    </item>
    
    <item>
      <title>motor_plug.jpg</title>
      <link>/resources/motor_plug/data.json</link>
      <pubDate>Mon, 01 Jan 0001 00:00:00 +0000</pubDate>
      
      <guid>/resources/motor_plug/data.json</guid>
      <description></description>
    </item>
    
    <item>
      <title>mount.jpg</title>
      <link>/resources/mount/data.json</link>
      <pubDate>Mon, 01 Jan 0001 00:00:00 +0000</pubDate>
      
      <guid>/resources/mount/data.json</guid>
      <description></description>
    </item>
    
    <item>
      <title>Parts and Equipment</title>
      <link>/pages/projects/parts_and_equipment_05/data.json</link>
      <pubDate>Mon, 01 Jan 0001 00:00:00 +0000</pubDate>
      
      <guid>/pages/projects/parts_and_equipment_05/data.json</guid>
      <description>All images courtesy of Alex Slocum.
Project Kit List This page contains the 2.007 kit parts. Consult this list if you ever have any questions. Students get to keep their machines intact. We only ask that students recycle unused components after the contest, especially motors! (PDF)
Control System Information This section will lead you through how to use the 2.007 control box on your machine. You should read through each step and make sure you understand everything.</description>
    </item>
    
    <item>
      <title>parts09.zip</title>
      <link>/resources/parts09/data.json</link>
      <pubDate>Mon, 01 Jan 0001 00:00:00 +0000</pubDate>
      
      <guid>/resources/parts09/data.json</guid>
      <description></description>
    </item>
    
    <item>
      <title>partsarchive.zip</title>
      <link>/resources/partsarchive/data.json</link>
      <pubDate>Mon, 01 Jan 0001 00:00:00 +0000</pubDate>
      
      <guid>/resources/partsarchive/data.json</guid>
      <description>This ZIP file contains: 36 .sldprt files, 1 .rpt file, 1 .xlo file, 1 .igs file and 1 .sldasm file.</description>
    </item>
    
    <item>
      <title>pin_tool.jpg</title>
      <link>/resources/pin_tool/data.json</link>
      <pubDate>Mon, 01 Jan 0001 00:00:00 +0000</pubDate>
      
      <guid>/resources/pin_tool/data.json</guid>
      <description></description>
    </item>
    
    <item>
      <title>proeconfig.zip</title>
      <link>/resources/proeconfig/data.json</link>
      <pubDate>Mon, 01 Jan 0001 00:00:00 +0000</pubDate>
      
      <guid>/resources/proeconfig/data.json</guid>
      <description>The ZIP file contains: 4 .frm.1 files, and 1 .pro file.</description>
    </item>
    
    <item>
      <title>Project Description</title>
      <link>/pages/projects/project_description/data.json</link>
      <pubDate>Mon, 01 Jan 0001 00:00:00 +0000</pubDate>
      
      <guid>/pages/projects/project_description/data.json</guid>
      <description>All images courtesy of Alex Slocum.
One Robot to Rule them All…..
2003 table overview.
Table Description The 2003 Table consists of two separate tables surrounded by a clear plastic wall.
Each half of the table contains four important zones:
Starting Zone - Each robot must begin the competition within this 18 inch by 18 inch square, as well as an additional 2 inch zone that extends beyond the plastic walls.</description>
    </item>
    
    <item>
      <title>Project Description</title>
      <link>/pages/projects/project_description_2005/data.json</link>
      <pubDate>Mon, 01 Jan 0001 00:00:00 +0000</pubDate>
      
      <guid>/pages/projects/project_description_2005/data.json</guid>
      <description>All images courtesy of Alex Slocum.
Tic tech toe.
Table Description The 2005 table was inspired by the new undergraduate dormitory at MIT, Simmons Hall.
There are three major elements to the table:
The Starting Zones - Each robot must begin the competition within this 18 inch by 18 inch square. The starting zone extends to 26 inches above the table surface. Robots can be located anywhere within this volume. However, they still must fit into the sizing box when in the starting zone.</description>
    </item>
    
    <item>
      <title>Project Kit List</title>
      <link>/pages/projects/project_kit_list/data.json</link>
      <pubDate>Mon, 01 Jan 0001 00:00:00 +0000</pubDate>
      
      <guid>/pages/projects/project_kit_list/data.json</guid>
      <description>All images courtesy of Alex Slocum.
The Project Kit Database (PDF) contains a list of 2.007 parts whose SolidWorks and/or Pro/Engineer models are available for download from the SolidWorks Part Archive (ZIP - 7.6MB). (The ZIP file contains: 106 .sldprt files, 9 .sldasm files, 2 .ord files, 74 .jpeg files, 3 .dxf files, 1 .cgm file, 2 .prt.5 file, 2 .prt.2 file, 2 .asm.2 files, 48 .prt.1 files, 7 .asm.1 files, and 1 .</description>
    </item>
    
    <item>
      <title>Projects</title>
      <link>/pages/projects/data.json</link>
      <pubDate>Mon, 01 Jan 0001 00:00:00 +0000</pubDate>
      
      <guid>/pages/projects/data.json</guid>
      <description>Your mission: Clean up planet earth and re-establish plant life.
The challenge for this year&amp;rsquo;s 2.007 robots is to clean up the environment. (Image by Dan Frey.)
Robots begin inside their respective starting box (12&amp;quot; high, 22&amp;quot; wide, 10&amp;quot; deep) with the door closed. Once time starts, the door opens forming a ramp. You will have 60 seconds to exit the box, clean up the table, and/or retrieve the plant. For the first 10 seconds, your robot operates autonomously and in the subsequent 50 seconds under radio control.</description>
    </item>
    
    <item>
      <title>proper_connector.jpg</title>
      <link>/resources/proper_connector/data.json</link>
      <pubDate>Mon, 01 Jan 0001 00:00:00 +0000</pubDate>
      
      <guid>/resources/proper_connector/data.json</guid>
      <description></description>
    </item>
    
    <item>
      <title>scoring.jpg</title>
      <link>/resources/scoring/data.json</link>
      <pubDate>Mon, 01 Jan 0001 00:00:00 +0000</pubDate>
      
      <guid>/resources/scoring/data.json</guid>
      <description></description>
    </item>
    
    <item>
      <title>system_schematic.jpg</title>
      <link>/resources/system_schematic/data.json</link>
      <pubDate>Mon, 01 Jan 0001 00:00:00 +0000</pubDate>
      
      <guid>/resources/system_schematic/data.json</guid>
      <description></description>
    </item>
    
    <item>
      <title>systemschematic2003.jpg</title>
      <link>/resources/systemschematic2003/data.json</link>
      <pubDate>Mon, 01 Jan 0001 00:00:00 +0000</pubDate>
      
      <guid>/resources/systemschematic2003/data.json</guid>
      <description></description>
    </item>
    
    <item>
      <title>Table Description</title>
      <link>/pages/projects/tablespecs/data.json</link>
      <pubDate>Mon, 01 Jan 0001 00:00:00 +0000</pubDate>
      
      <guid>/pages/projects/tablespecs/data.json</guid>
      <description>For more dimensions, see the table solid model, available here. All table specifications are approximate and subject to change. The official specification is driven by the physical contest table, which is available for measurement and practice in the Pappalardo Laboratory.
Table The table surface is plywood with a rough coating for traction. The table boundaries are standard 2x4s. The inside dimension of the table is a 7&#39;10-1/2&amp;quot; square.
Starting Box The starting box is a plastic crate approximately 12&amp;quot; tall, 10&amp;quot; deep, and 22&amp;quot; wide.</description>
    </item>
    
    <item>
      <title>TableCAD.zip</title>
      <link>/resources/tablecad/data.json</link>
      <pubDate>Mon, 01 Jan 0001 00:00:00 +0000</pubDate>
      
      <guid>/resources/tablecad/data.json</guid>
      <description></description>
    </item>
    
    <item>
      <title>tablemodel_thumb.jpg</title>
      <link>/resources/tablemodel_thumb/data.json</link>
      <pubDate>Mon, 01 Jan 0001 00:00:00 +0000</pubDate>
      
      <guid>/resources/tablemodel_thumb/data.json</guid>
      <description></description>
    </item>
    
    <item>
      <title>tablemodel.jpg</title>
      <link>/resources/tablemodel/data.json</link>
      <pubDate>Mon, 01 Jan 0001 00:00:00 +0000</pubDate>
      
      <guid>/resources/tablemodel/data.json</guid>
      <description></description>
    </item>
    
    <item>
      <title>top.jpg</title>
      <link>/resources/top/data.json</link>
      <pubDate>Mon, 01 Jan 0001 00:00:00 +0000</pubDate>
      
      <guid>/resources/top/data.json</guid>
      <description></description>
    </item>
    
    <item>
      <title>transmitterbox.jpg</title>
      <link>/resources/transmitterbox/data.json</link>
      <pubDate>Mon, 01 Jan 0001 00:00:00 +0000</pubDate>
      
      <guid>/resources/transmitterbox/data.json</guid>
      <description></description>
    </item>
    
    <item>
      <title>Using the Control System</title>
      <link>/pages/projects/using_the_control_system/data.json</link>
      <pubDate>Mon, 01 Jan 0001 00:00:00 +0000</pubDate>
      
      <guid>/pages/projects/using_the_control_system/data.json</guid>
      <description>All images courtesy of Alex Slocum.
How to Wire Your Machine
About the Batteries
About the Control Box
How to Mount the Control Box
How to Run the Control system
How the Contest Will run
How to Wire Your Machine Motor plug.
Battery plug.
The above figures indicate how to wire both the Amp 14 pin connector (to connect to your motors) and the 4 pin connector (to connect to your batteries).</description>
    </item>
    
  </channel>
</rss>
