<?xml version="1.0" encoding="utf-8" standalone="yes"?>
<rss version="2.0" xmlns:atom="http://www.w3.org/2005/Atom">
  <channel>
    <title>Recitations on MIT OpenCourseWare</title>
    <link>/resources/recitations/</link>
    <description>Recent content in Recitations on MIT OpenCourseWare</description>
    <generator>Hugo -- gohugo.io</generator>
    <language>en-us</language><atom:link href="/resources/recitations/index.xml" rel="self" type="application/rss+xml" />
    <item>
      <title>MIT2_007s09_rec01_introduction.pdf</title>
      <link>/resources/mit2_007s09_rec01_introduction/data.json</link>
      <pubDate>Mon, 01 Jan 0001 00:00:00 +0000</pubDate>
      
      <guid>/resources/mit2_007s09_rec01_introduction/data.json</guid>
      <description>This resource contains information about agenda, section logistics and schedule and milestones.</description>
    </item>
    
    <item>
      <title>MIT2_007s09_rec02_organization.pdf</title>
      <link>/resources/mit2_007s09_rec02_organization/data.json</link>
      <pubDate>Mon, 01 Jan 0001 00:00:00 +0000</pubDate>
      
      <guid>/resources/mit2_007s09_rec02_organization/data.json</guid>
      <description>This resource contains information about scheduling, ideas for lab notebooks and interpretation of results.</description>
    </item>
    
    <item>
      <title>MIT2_007s09_rec03_car.pdf</title>
      <link>/resources/mit2_007s09_rec03_car/data.json</link>
      <pubDate>Mon, 01 Jan 0001 00:00:00 +0000</pubDate>
      
      <guid>/resources/mit2_007s09_rec03_car/data.json</guid>
      <description>This resource contains information about gather materials, components, tools and fabrication steps.</description>
    </item>
    
    <item>
      <title>MIT2_007s09_rec04_notebook.pdf</title>
      <link>/resources/mit2_007s09_rec04_notebook/data.json</link>
      <pubDate>Mon, 01 Jan 0001 00:00:00 +0000</pubDate>
      
      <guid>/resources/mit2_007s09_rec04_notebook/data.json</guid>
      <description>This resource contains information about thoughts on design notebooks.</description>
    </item>
    
    <item>
      <title>MIT2_007s09_rec05_frdparrc.pdf</title>
      <link>/resources/mit2_007s09_rec05_frdparrc/data.json</link>
      <pubDate>Mon, 01 Jan 0001 00:00:00 +0000</pubDate>
      
      <guid>/resources/mit2_007s09_rec05_frdparrc/data.json</guid>
      <description>This resource contains information about functional requirements, design parameters and countermeasures.</description>
    </item>
    
    <item>
      <title>MIT2_007s09_rec06_DR1.pdf</title>
      <link>/resources/mit2_007s09_rec06_dr1/data.json</link>
      <pubDate>Mon, 01 Jan 0001 00:00:00 +0000</pubDate>
      
      <guid>/resources/mit2_007s09_rec06_dr1/data.json</guid>
      <description>This resource contains information about strategy, design challenges, and design concepts.</description>
    </item>
    
    <item>
      <title>MIT2_007s09_rec07_DR2.pdf</title>
      <link>/resources/mit2_007s09_rec07_dr2/data.json</link>
      <pubDate>Mon, 01 Jan 0001 00:00:00 +0000</pubDate>
      
      <guid>/resources/mit2_007s09_rec07_dr2/data.json</guid>
      <description>This resource contains information about design selection, analysis, detailed design, and fabrication plan.</description>
    </item>
    
    <item>
      <title>MIT2_007s09_rec08_reflection.pdf</title>
      <link>/resources/mit2_007s09_rec08_reflection/data.json</link>
      <pubDate>Mon, 01 Jan 0001 00:00:00 +0000</pubDate>
      
      <guid>/resources/mit2_007s09_rec08_reflection/data.json</guid>
      <description>This resource contains information about final notebook submission and reflection, suggestions on elements you may choose to include in your reflection.</description>
    </item>
    
    <item>
      <title>optimization.xls</title>
      <link>/resources/optimization/data.json</link>
      <pubDate>Mon, 01 Jan 0001 00:00:00 +0000</pubDate>
      
      <guid>/resources/optimization/data.json</guid>
      <description>This resource is a supporting file for problem exploration and optimization.</description>
    </item>
    
    <item>
      <title>Recitations</title>
      <link>/pages/recitations/data.json</link>
      <pubDate>Mon, 01 Jan 0001 00:00:00 +0000</pubDate>
      
      <guid>/pages/recitations/data.json</guid>
      <description>Much of the construction and design work in 2.007 takes place in lab recitations. Along with helping students achieve each week&amp;rsquo;s Milestone, tools and activities explore the tradeoffs in their robot designs. The following materials are taken from several different recitation instructors, though the topics were covered by all sections.
Section Introduction ( PDF)
Example Schedule (XLS)
Time Management and Organization (PDF)
Fabrication of a Simple Car (PDF - 1.4MB)</description>
    </item>
    
    <item>
      <title>SectionSchedule.xls</title>
      <link>/resources/sectionschedule/data.json</link>
      <pubDate>Mon, 01 Jan 0001 00:00:00 +0000</pubDate>
      
      <guid>/resources/sectionschedule/data.json</guid>
      <description>This resource is a supporting file for example schedule.</description>
    </item>
    
  </channel>
</rss>
