{
  "title":"2-007s09-th.jpg",
  "description": "New image Upload",
  "file": "/courses/2-007-design-and-manufacturing-i-spring-2009/60cfbda74efcd2b9178a12059a8fb9eb_2-007s09-th.jpg",
  "learning_resource_types": [],
  "resource_type": "Image",
  "file_type": "image/jpeg",
  "image_metadata": {"caption":"The challenge for this year's 2.007 robots is to clean up the environment. (Image by Daniel Frey.)","credit":"","image-alt":"A photo of the 2009 competition table, with a row of skyscrapers dividing it into an area for each robot containing cans and bales of trash to be crushed and stacked in the appropriate target area."}}
