<?xml version="1.0" encoding="utf-8" standalone="yes"?>
<rss version="2.0" xmlns:atom="http://www.w3.org/2005/Atom">
  <channel>
    <title>Assignments on MIT OpenCourseWare</title>
    <link>/resources/assignments/</link>
    <description>Recent content in Assignments on MIT OpenCourseWare</description>
    <generator>Hugo -- gohugo.io</generator>
    <language>en-us</language><atom:link href="/resources/assignments/index.xml" rel="self" type="application/rss+xml" />
    <item>
      <title>12tooth.dxf</title>
      <link>/resources/12tooth/data.json</link>
      <pubDate>Mon, 01 Jan 0001 00:00:00 +0000</pubDate>
      
      <guid>/resources/12tooth/data.json</guid>
      <description></description>
    </item>
    
    <item>
      <title>24tooth.dxf</title>
      <link>/resources/24tooth/data.json</link>
      <pubDate>Mon, 01 Jan 0001 00:00:00 +0000</pubDate>
      
      <guid>/resources/24tooth/data.json</guid>
      <description></description>
    </item>
    
    <item>
      <title>24tooth2007.zip</title>
      <link>/resources/24tooth2007/data.json</link>
      <pubDate>Mon, 01 Jan 0001 00:00:00 +0000</pubDate>
      
      <guid>/resources/24tooth2007/data.json</guid>
      <description></description>
    </item>
    
    <item>
      <title>24toothgear__partly_done.SLDPRT</title>
      <link>/resources/24toothgear__partly_done/data.json</link>
      <pubDate>Mon, 01 Jan 0001 00:00:00 +0000</pubDate>
      
      <guid>/resources/24toothgear__partly_done/data.json</guid>
      <description></description>
    </item>
    
    <item>
      <title>24toothgear_mostly_done.SLDPRT</title>
      <link>/resources/24toothgear_mostly_done/data.json</link>
      <pubDate>Mon, 01 Jan 0001 00:00:00 +0000</pubDate>
      
      <guid>/resources/24toothgear_mostly_done/data.json</guid>
      <description></description>
    </item>
    
    <item>
      <title>24toothgears_with_string.SLDPRT</title>
      <link>/resources/24toothgears_with_string/data.json</link>
      <pubDate>Mon, 01 Jan 0001 00:00:00 +0000</pubDate>
      
      <guid>/resources/24toothgears_with_string/data.json</guid>
      <description></description>
    </item>
    
    <item>
      <title>48tooth.dxf</title>
      <link>/resources/48tooth/data.json</link>
      <pubDate>Mon, 01 Jan 0001 00:00:00 +0000</pubDate>
      
      <guid>/resources/48tooth/data.json</guid>
      <description></description>
    </item>
    
    <item>
      <title>Assignments</title>
      <link>/pages/assignments/data.json</link>
      <pubDate>Mon, 01 Jan 0001 00:00:00 +0000</pubDate>
      
      <guid>/pages/assignments/data.json</guid>
      <description> PROBLEMS SOLUTIONS FILES Design process and machine elements (PDF) (PDF) Servomotors, mechanisms, and CAD (PDF) (PDF) Window mechanism:
SW2008 (SLDPRT),
SW2007 (SLDPRT) Pneumatics, CAD, and gears (PDF) (PDF) Chamber:
SW2008 (SLDPRT),
SW2007 (SLDPRT)
Gears:
12-tooth (DXF),
24-tooth (DXF),
48-tooth(DXF)
Exam 2 concepts (PDF) </description>
    </item>
    
    <item>
      <title>chamber07.SLDPRT</title>
      <link>/resources/chamber07/data.json</link>
      <pubDate>Mon, 01 Jan 0001 00:00:00 +0000</pubDate>
      
      <guid>/resources/chamber07/data.json</guid>
      <description>This is special file for chamber.</description>
    </item>
    
    <item>
      <title>chamber08.SLDPRT</title>
      <link>/resources/chamber08/data.json</link>
      <pubDate>Mon, 01 Jan 0001 00:00:00 +0000</pubDate>
      
      <guid>/resources/chamber08/data.json</guid>
      <description>This is a special file for chamber.</description>
    </item>
    
    <item>
      <title>MIT2_007s09_hw01.pdf</title>
      <link>/resources/mit2_007s09_hw01/data.json</link>
      <pubDate>Mon, 01 Jan 0001 00:00:00 +0000</pubDate>
      
      <guid>/resources/mit2_007s09_hw01/data.json</guid>
      <description>This resource contains the homework files.</description>
    </item>
    
    <item>
      <title>MIT2_007s09_hw02.pdf</title>
      <link>/resources/mit2_007s09_hw02/data.json</link>
      <pubDate>Mon, 01 Jan 0001 00:00:00 +0000</pubDate>
      
      <guid>/resources/mit2_007s09_hw02/data.json</guid>
      <description>This resource contains information about servomotors, mechanisms &amp;amp; CAD.</description>
    </item>
    
    <item>
      <title>MIT2_007s09_hw03.pdf</title>
      <link>/resources/mit2_007s09_hw03/data.json</link>
      <pubDate>Mon, 01 Jan 0001 00:00:00 +0000</pubDate>
      
      <guid>/resources/mit2_007s09_hw03/data.json</guid>
      <description>This resource contains information about pneumatics, CAD &amp;amp; gears.</description>
    </item>
    
    <item>
      <title>MIT2_007s09_hw04.pdf</title>
      <link>/resources/mit2_007s09_hw04/data.json</link>
      <pubDate>Mon, 01 Jan 0001 00:00:00 +0000</pubDate>
      
      <guid>/resources/mit2_007s09_hw04/data.json</guid>
      <description>This resource contains information about the concepts of exam.</description>
    </item>
    
    <item>
      <title>MIT2_007s09_sol_hw01.pdf</title>
      <link>/resources/mit2_007s09_sol_hw01/data.json</link>
      <pubDate>Mon, 01 Jan 0001 00:00:00 +0000</pubDate>
      
      <guid>/resources/mit2_007s09_sol_hw01/data.json</guid>
      <description>This resource contains the solution for home work 1.</description>
    </item>
    
    <item>
      <title>MIT2_007s09_sol_hw02.pdf</title>
      <link>/resources/mit2_007s09_sol_hw02/data.json</link>
      <pubDate>Mon, 01 Jan 0001 00:00:00 +0000</pubDate>
      
      <guid>/resources/mit2_007s09_sol_hw02/data.json</guid>
      <description>his resource contains the solution for home work 2.</description>
    </item>
    
    <item>
      <title>MIT2_007s09_sol_hw03.pdf</title>
      <link>/resources/mit2_007s09_sol_hw03/data.json</link>
      <pubDate>Mon, 01 Jan 0001 00:00:00 +0000</pubDate>
      
      <guid>/resources/mit2_007s09_sol_hw03/data.json</guid>
      <description>This resource contains solution for home work 3.</description>
    </item>
    
    <item>
      <title>window07.SLDPRT</title>
      <link>/resources/window07/data.json</link>
      <pubDate>Mon, 01 Jan 0001 00:00:00 +0000</pubDate>
      
      <guid>/resources/window07/data.json</guid>
      <description>This resource is a special file for window mechanism.</description>
    </item>
    
    <item>
      <title>window08.SLDPRT</title>
      <link>/resources/window08/data.json</link>
      <pubDate>Mon, 01 Jan 0001 00:00:00 +0000</pubDate>
      
      <guid>/resources/window08/data.json</guid>
      <description>This resource is a special file for window mechanism.</description>
    </item>
    
  </channel>
</rss>
