{"0224bb4d-bc2d-aa53-8ef9-0de7ac5c2da8":"/resources/mit2_007s09_sol_exam01b/data.json","049e3bfc-8d36-7cf8-3930-66ab627b0f75":"/resources/mit2_007s09_f06/data.json","0819766a-5599-c13c-76e8-f9293f662f20":"/resources/mit2_007s09_m08/data.json","08b64beb-06a6-dc15-354e-fdd029f177f7":"/resources/mit2_007s09_f02/data.json","09083d83-10af-d905-57f5-bc2f70aceb68":"/resources/fig_24/data.json","0940179b-fc67-727d-1410-86065d20bd68":"/resources/2003_table_platter/data.json","0940c97d-060c-d6c1-d053-13e03a75e0b7":"/resources/mit2_007s09_rec01_introduction/data.json","095a5722-4889-62c8-673d-8ac8025e8a70":"/resources/controlboxstatus/data.json","0a81de5f-7de0-9c5e-60d3-da35bc6ce601":"/resources/sectionschedule/data.json","0adc4cf0-2059-41ba-a09a-f655139d4a90":"/resources/mit2_007s09_exam02a/data.json","0b846039-032e-cacf-c4d1-ac92f040cbd9":"/resources/mit2_007s09_hw02/data.json","0bbef5a6-42bc-b8bc-d16c-76327607bf45":"/resources/lec09_parts/data.json","0d30b237-944f-fd6d-8294-15b35e9b5c0c":"/resources/24toothgear_mostly_done/data.json","0e1b8cf5-7f5a-e2aa-5802-c937b754863b":"/resources/2003_table/data.json","0e71f247-d0de-1394-0933-f77ae28515b7":"/resources/fig_11/data.json","0fe84bb6-5000-f7a1-67a3-e4b862805b12":"/resources/mit2_007s09_lec07/data.json","1476146b-b873-956b-39ad-4f48b74b24e9":"/resources/mit2_007s09_rec02_organization/data.json","16a7fe4e-0b94-84ff-7df4-1a9cb0a27e0e":"/resources/parts09/data.json","179e71d0-e0a3-e40c-d42d-bab1fcfde7af":"/resources/mit2_007s09_m01/data.json","1a3d837a-4924-53d0-2291-8a4b668079c0":"/resources/2003_table_above/data.json","1acdd874-030b-4002-de18-c026b881109d":"/resources/mit2_007s09_lipo/data.json","1b8c2966-e380-f73d-4301-7e43db2f5d58":"/resources/mit2_007s09_sol_hw01/data.json","1c12b87a-a012-1ad5-79a0-b49fec3b6b12":"/resources/window08/data.json","1d39e35a-0453-8eff-8f98-c9a778e20c0d":"/resources/proeconfig/data.json","209801d8-8ca1-17d5-27af-69e6563e92ce":"/resources/mit2_007s09_table_drawing/data.json","22b74578-c8aa-542b-dcf4-6687ab37a2fb":"/pages/projects/control_system_information/data.json","256e9d9e-6cc5-2498-8b8c-a38cf13e8dd8":"/resources/fig_21/data.json","25bf2bea-43be-9dcb-0e37-162c0f04b8ed":"/resources/mit2_007s09_m06/data.json","266890fd-7941-7933-05d4-6d8f9b861e16":"/resources/controlboxmotors/data.json","26e0b3f1-8ad3-30cf-3bc7-8ae6d28bdc52":"/pages/projects/project_description_2005/data.json","274831bf-4171-01ee-49d7-cc37ef7239b1":"/resources/window07/data.json","28ebb433-1826-8366-7930-d23fdd21cae0":"/resources/mit2_007s09_rec04_notebook/data.json","29b95c6d-8570-f9ae-b140-c151747c96e3":"/resources/mit2_007s09_lec01/data.json","2c000d5b-ad22-6431-8d55-9528d4a8d5b4":"/resources/12tooth/data.json","2dbe4355-1874-626b-2310-937cacb0ff9f":"/resources/mit2_007s09_lec22/data.json","33f5e7a5-0a27-8653-fda3-03135dd5af7f":"/resources/controlpodium20022/data.json","36024f2e-8032-aefd-2f74-aa1e9a5974d3":"/resources/controlpdmcotrls/data.json","360f46eb-9802-f167-6f1f-09923d4ee4b6":"/resources/mit2_007s09_f01/data.json","3893b4a7-799b-8d36-dec9-80655eed142d":"/resources/mit2_007s09_f11/data.json","38942c2c-ab71-a094-cbf4-835afe80890b":"/resources/partsarchive/data.json","39ecf719-1d7c-379e-ed52-4fc2cca1f83f":"/resources/fig_02/data.json","3ad37424-e0a9-ae4e-f335-0892aa492ebe":"/resources/mit2_007s09_lec06/data.json","3b8f3017-7d34-5cca-5008-d36605f4fb02":"/resources/lec09_parts07/data.json","3ee36705-e64d-47d5-56aa-c3da7a17428d":"/resources/fig_25/data.json","40036a16-7620-d5db-d099-a55e242f542b":"/resources/2-007s09/data.json","456adb1e-dfa2-f55c-f93f-075c8c8b01d2":"/resources/fig_19/data.json","473b372c-4f8d-ca5b-d11c-ca1ebb1a1061":"/resources/fig_17/data.json","47b7c701-231b-a8a0-a99e-d848a7032f22":"/resources/mit2_007s09_m03/data.json","48444c6d-a0f4-50d7-a01e-44678624fe56":"/resources/controlboxbuttons2/data.json","493f8bdb-7e60-8823-58ea-8e6975dcf2c5":"/pages/related-resources/drawing_and_sketching/data.json","494f1ab5-facc-d815-9146-f8236af53333":"/resources/mit2_007s09_court/data.json","4999ee03-059a-f9fa-f13f-538c244ddcf0":"/resources/fig_04/data.json","4a3aae1c-27bc-5fa5-cedb-7df484acce90":"/resources/mit2_007s09_rec05_frdparrc/data.json","4c691a72-9e4c-e720-f140-50e845347ed3":"/resources/mit2_007s09_f04/data.json","533fc396-3f80-14be-c362-eb34c77b57be":"/resources/mit2_007s09_lec16/data.json","559019a2-4f0c-8a37-2957-0785aa963939":"/resources/mit2_007s09_sol_exam01/data.json","56758965-9feb-7f2c-99bf-f06653b15c5b":"/resources/fig_09/data.json","57d4eb18-ce80-0e28-90bc-84de14dc8808":"/resources/contest_layout/data.json","57e4a84c-be1f-a2b4-f89c-df92e91fa099":"/resources/mit2_007s09_hw04/data.json","5a403a7a-69b6-b8f6-5588-a46f63afb07b":"/resources/mit2_007s09_m04/data.json","5a478d4a-8df1-611f-eb12-1525b3459910":"/resources/mit2_007s09_kitdatabase/data.json","5aff75f8-0ca6-0135-9cb7-c064ae8c3f4e":"/resources/control_podium/data.json","5bfe2e52-cac6-d2ca-090f-80721f292778":"/resources/system_schematic/data.json","600a242a-ff34-7c75-5535-b3c19fa76d78":"/resources/mit2_007s09_lec21/data.json","60cfbda7-4efc-d2b9-178a-12059a8fb9eb":"/resources/2-007s09-th/data.json","6131fbc5-b63b-dbae-1e11-80dd9940147a":"/resources/mit2_007s09_lec14/data.json","6301bb02-6cca-17ed-d7a2-8ef7edca098e":"/resources/mit2_007s09_kit09/data.json","63bd36b4-2129-6236-695f-621abffb4e96":"/resources/pin_tool/data.json","63fad2b4-bbb6-7c9e-d88b-5223f24a2634":"/pages/projects/project_kit_list/data.json","65d17bf8-5264-6327-1506-1dc7fe6199e2":"/resources/battery_plug/data.json","6828896f-35c3-3bb9-87bb-5881f12efb3e":"/pages/exams/data.json","683368a3-2109-b735-8397-24ab8a96e90f":"/resources/mit2_007s09_rec03_car/data.json","6aa844fd-3d11-403a-cf2c-14f52202a5a0":"/pages/projects/project_description/data.json","6ee74d96-6317-1a41-2401-36aad6c9496a":"/resources/tablemodel_thumb/data.json","70bbaae8-6e99-ba36-2eda-5ab415f32ad8":"/resources/mit2_007s09_lec12/data.json","7132a0dd-cf2a-4d35-10dc-debbea8b5467":"/resources/mit2_007s09_rec07_dr2/data.json","793cc5d7-352c-a3dc-750b-ecd9ebb49cb6":"/resources/mit2_007s09_kp_cir14pinamp/data.json","7a6c79b5-06b1-c42e-7294-d149845d7d0f":"/resources/front/data.json","7c5d2283-475d-fd40-7558-411930bb55ec":"/resources/mit2_007s09_kit/data.json","7e644b86-5454-79bf-ffb2-7d29310a588c":"/resources/top/data.json","7f759113-c1dd-3587-710a-bbed9c8865f3":"/resources/mit2_007s09_f05/data.json","81556034-db17-3025-ec02-3bf77dd77ad0":"/pages/recitations/data.json","82e2043e-e9d7-cc24-1b30-4a697f62ac5f":"/resources/insulatd_mot_con/data.json","840ab383-3775-3cc0-41cf-d1d2a3db1f5e":"/resources/clean_elvish_script/data.json","84595ef8-ed7c-e359-5826-ed18e8207d7f":"/resources/mit2_007s09_lec13_note/data.json","84dfecf8-a23f-522f-3d67-1d5c5133752f":"/pages/projects/data.json","8777fee7-73bf-f3fe-5b26-7a35e2271f12":"/resources/fig_27/data.json","8d0e72a5-7e84-3e73-140b-0f019b123575":"/resources/24tooth2007/data.json","8d64bdd4-50c5-3f97-4d51-86b63f637cf0":"/resources/fig_18/data.json","8dff17c4-36bf-8d28-cb32-16f630a49871":"/resources/insulatedmotorconnectionsweb/data.json","8e95c54a-8722-ad81-bfad-b61701e2e8b5":"/resources/mit2_007s09_m02/data.json","9193ab71-5c36-b493-38af-1c27a87a5e80":"/resources/fig_13/data.json","92a04617-0b19-8fc4-e0eb-1fe58b3f94ee":"/resources/mount/data.json","94878214-cb93-2b8d-c5c9-323be48b5968":"/resources/tablecad/data.json","94fe3a99-0765-8caf-5075-698045248f8a":"/resources/24tooth/data.json","95532fc1-3509-20a7-8ff2-8af515ad4d1d":"/resources/mit2_007s09_lec01_fsae/data.json","97ff543d-a0c0-10a4-4bd1-a9fc521b5e8d":"/resources/mit2_007s09_lec16_note/data.json","982e99ab-a764-2dc9-4fe3-e2967456f418":"/resources/fig_12/data.json","987b571d-371a-d125-3132-ad5a63f05c18":"/pages/assignments/data.json","995d7d6f-f531-f6c4-56c0-53ec995a707b":"/resources/controlboxiso2/data.json","99799bfd-4d47-b79f-420e-aa9f69f1943a":"/resources/chp_table/data.json","9b0245d1-4bd6-ecd4-4e9e-03512a2d1cb6":"/resources/optimization/data.json","9b71820d-2110-64ae-a5d9-89fde2a708cf":"/resources/24toothgear__partly_done/data.json","9bb30570-80d5-cd44-4f0f-13b50d476d6b":"/resources/mit2_007s09_controlbox_mount/data.json","9c2268ff-bea3-fa96-124e-055fee247d2f":"/resources/48tooth/data.json","9c2f0749-26ac-2153-035f-58cf039ff458":"/resources/proper_connector/data.json","9c4e99f7-2bc1-bb35-27bf-0c8fe79474ae":"/resources/chamber08/data.json","9cab2f4c-541b-3914-4393-87d776f1a323":"/resources/mit2_007s09_controlsystdebug/data.json","9cb36ff5-ff28-4401-4e98-d907d020aea8":"/resources/mit2_007s09_lec13/data.json","9d842077-76c6-25c7-7d5e-19044075fee7":"/resources/mit2_007s09_15_14pinconnector/data.json","a026e2fc-bc86-506b-0f05-00970c0b85f4":"/resources/fig_15/data.json","a032a145-e802-0661-7701-0f892c82f7ff":"/resources/fig_26/data.json","a0a96c0e-a55c-931d-ebec-52394d914008":"/resources/mit2_007s09_lec03/data.json","a1cbfc08-452c-2b96-406f-56a1ce952194":"/resources/mit2_007s09_hw03/data.json","a3301e32-315c-aecd-0a36-f41b13b0a432":"/resources/mit2_007s09_f03/data.json","a4014b60-19c2-c406-7870-fa2d12e463d9":"/resources/mit2_007s09_sol_hw02/data.json","a485b925-78c7-a2ad-385e-44d95fee958e":"/resources/mit2_007s09_rec06_dr1/data.json","a4f76273-c925-979c-d323-e989d173e711":"/resources/mit2_007s09_f10/data.json","a6e97c05-21dd-e4ff-c854-b776265045b3":"/resources/mit2_007s09_f09/data.json","aa7a88c9-885f-307f-c174-9e290aa47258":"/resources/fig_08/data.json","ab27deef-bc13-9c67-9dd9-c4210f9ca824":"/pages/projects/tablespecs/data.json","ac00d1f1-7ad3-9790-7ac1-a498273a0a27":"/resources/mit2_007s09_m07/data.json","afe1ad58-cab3-1099-86ac-589deb1ff729":"/resources/controlpodmpower/data.json","b0ddc9f9-fd1b-7c15-c605-9f353a80fe6a":"/resources/2003_table_labels/data.json","b5493baa-7030-edac-414a-da2a407ae307":"/resources/mit2_007s09_lec04/data.json","b840427b-532e-1be5-a8da-fe0027b484f3":"/resources/scoring/data.json","b874ef1f-7277-9e25-006a-b00598433051":"/resources/mit2_007s09_faq/data.json","b8fd463d-ee19-904f-1829-2bbd6b0f4476":"/pages/calendar/data.json","b96f1c91-4fb0-b17f-e713-6a5fd113de4c":"/pages/projects/parts_and_equipment_05/data.json","bae5abcd-1536-176a-ccfc-498290e3712a":"/resources/block/data.json","bb188c4e-d0ba-0d19-49c7-7f1f03350116":"/resources/controlbox_front/data.json","bbb1e5ab-001d-898c-2f8a-43980b643277":"/resources/fig_05/data.json","bd44476b-9123-456c-5a28-2ec5f46fc969":"/resources/mit2_007s09_sol_hw03/data.json","bd4ae730-bb6e-35b1-31a8-9fcb3ba935a6":"/resources/mit2_007s09_lec08/data.json","bd54e0cf-e824-aa44-15c5-8a9df27d121b":"/resources/mit2_007s09_lec14_note/data.json","bf7d05eb-a74d-8c33-0700-8caf469f2504":"/resources/2003_table-1/data.json","bfec9e49-2713-a858-3a11-13c004e7fecd":"/resources/mit2_007s09_f07/data.json","c0d3813c-a4ed-be21-cec9-d5b74598e3b3":"/pages/related-resources/data.json","c366ebb8-3b57-fd42-fa5a-1e2f77ce4532":"/pages/lecture-notes/data.json","c3939d40-433d-a0b1-4c1c-7be8ec7feae2":"/resources/mit2_007s09_rules03/data.json","c3e1fbb0-210b-b99c-7748-9ed2603ab644":"/resources/transmitterbox/data.json","c549486b-37b4-a80e-74e9-dede14f57384":"/pages/projects/rules/data.json","c6d6a35a-25a4-6a42-7357-35e67b7d4002":"/resources/mit2_007s09_lec02/data.json","c72e70d7-d9ad-5e2d-5a23-bd4fe57734ae":"/resources/mit2_007s09_lec12_note/data.json","c9037d80-d751-8ee9-873e-1a85e2bbb583":"/resources/fig_30/data.json","cc12f68c-f17e-ab4a-20a6-95bd54b38957":"/resources/fig_28/data.json","cca4fb0b-0b6a-8af7-af90-607ae0b1d2a7":"/resources/mit2_007s09_multipliers/data.json","cd710893-63d3-20b7-4707-141f7517a6e7":"/resources/control_box_back/data.json","cf7ff3c1-cfb3-4802-890c-73b6a3911d73":"/resources/controlboxiso1/data.json","cfc1aab4-ff32-98e8-8654-5754685e481b":"/resources/mit2_007s09_m05/data.json","d02316bc-18d6-25a0-e096-9b7d937b8cfb":"/resources/24toothgears_with_string/data.json","d247d016-e67d-a9ab-3559-ccfee1bd181b":"/resources/isometric/data.json","d28a5f0a-a61c-74a0-1e83-861fc2d618ea":"/resources/mit2_007s09_lec01_evt/data.json","d408687b-f689-9e77-d7df-d0cf60cb218d":"/resources/motor_plug/data.json","d4551e68-8a71-c7a1-b4ad-ae45b60b2dd6":"/pages/syllabus/data.json","d576bd29-81ba-0cbf-f8e3-318497469863":"/resources/mit2_007s09_sol_exam01a/data.json","d9873e5d-a7b0-d0b1-6c45-759bd6f17f71":"/resources/2004_battery/data.json","d9a49620-35d5-0d4f-21f4-e209a688f428":"/resources/control_box/data.json","d9d405a7-72d6-6fca-06e2-7cc98fb83c9e":"/resources/2tables/data.json","da95b9ab-9fe3-ff8d-d183-2f631ee29938":"/resources/mit2_007s09_sol_exam02a/data.json","dc2aeba7-3eb1-c3df-5c6c-51ec007f8b43":"/resources/mit2_007s09_rec08_reflection/data.json","ddc30767-f6b5-8865-7cde-15c177ad68d0":"/resources/control_box_cad/data.json","de6b768b-017e-2f83-e47e-38d56bbf3a93":"/resources/mit2_007s09_hw01/data.json","dea0d783-3ea7-4b15-b191-4b9072c58358":"/resources/fig_07/data.json","debbc026-fb9b-f43f-14e0-b00852716224":"/resources/fig_10/data.json","ded8ed33-b0b4-bdde-f2bd-52755d9b752b":"/resources/fig_14/data.json","e1a44cad-30eb-4710-64b2-f422a5a03fd0":"/resources/fig_03/data.json","e7aed039-2dd0-e5b0-2888-f914edb1b5f8":"/resources/mit2_007s09_exam01b/data.json","e7b3dfa0-303f-b7e0-a21f-443049ea99ac":"/resources/mit2_007s09_controlsystemlec/data.json","e90ad962-9c2f-829c-a0ee-95443e65535e":"/resources/tablemodel/data.json","e9c020dc-00f6-d6f5-d42e-1d26497be0fc":"/resources/mit2_007s09_sol_exam02/data.json","eaa695f6-e07c-c501-5624-c127696a2568":"/resources/fig_31/data.json","ead50d95-5529-f2c8-475a-641f9ffdd9eb":"/resources/fig_01/data.json","ead61e07-4b7f-b863-5b98-06595576136c":"/resources/chamber07/data.json","eb0cbcb3-c3c6-cb88-bc08-c882ad9629d7":"/resources/fig_29/data.json","eb11c5ad-318d-5675-d5d1-ff8274f8fc77":"/resources/2003_table_side/data.json","ebeb4b5f-1bb5-2e2a-e2de-d56ae2902877":"/resources/box_on_mount/data.json","ec6b3c93-7b79-003d-2499-8087a55dfc3f":"/resources/systemschematic2003/data.json","ec85f5c3-4929-f5a7-a7c7-27035cca5a67":"/resources/fig_23/data.json","ec9c4052-d47f-9e1a-db5c-957a115ae9bd":"/resources/fig_20/data.json","ecfd249c-704b-44d3-0b7d-2bb3714a7756":"/resources/mit2_007s09_lec18/data.json","ef73c81d-e1d4-735b-2dd2-e53580e47602":"/resources/fig_22/data.json","f08c4662-4702-532b-6246-c2252c57484f":"/resources/mit2_007s09_metal_bracket/data.json","f2760278-9684-f71e-8e0b-e87e7956b774":"/resources/3way2003_basic/data.json","f2f28cd0-260a-f1e1-2ce3-bdaed8bcd5b7":"/resources/servomount/data.json","f7109fc7-a086-1379-e8d6-ca0c49447ad2":"/resources/2003_table_half/data.json","f8e91aff-3d88-ac1e-1db0-f18302e0259c":"/resources/mit2_007s09_f08/data.json","f99716be-45b1-2e50-dd39-2038c58f68ae":"/resources/fig_06/data.json","f9e9cf6b-b81f-5c3a-3cb3-0c48c111c0f8":"/pages/projects/contest_rules_05/data.json","fa8af559-9815-ed4c-985d-5a5148cd3f34":"/pages/projects/using_the_control_system/data.json","fc0a9eed-0ce7-ac7e-c43c-b2e69647e9ab":"/resources/fig_16/data.json","fc270775-f354-f7f6-ee0c-0314517e171c":"/resources/mit2_007s09_exam01a/data.json","ff23a9ac-1c23-c8f9-df53-525c4c8e22a8":"/resources/mit2_007s09_lec05/data.json"}