<?xml version="1.0" encoding="utf-8" standalone="yes"?>
<rss version="2.0" xmlns:atom="http://www.w3.org/2005/Atom">
  <channel>
    <title>Exams on MIT OpenCourseWare</title>
    <link>/resources/exams/</link>
    <description>Recent content in Exams on MIT OpenCourseWare</description>
    <generator>Hugo -- gohugo.io</generator>
    <language>en-us</language><atom:link href="/resources/exams/index.xml" rel="self" type="application/rss+xml" />
    <item>
      <title>Exams</title>
      <link>/pages/exams/data.json</link>
      <pubDate>Mon, 01 Jan 0001 00:00:00 +0000</pubDate>
      
      <guid>/pages/exams/data.json</guid>
      <description>Exam 1: Drawing, CAD, Motors, Pneumatics, and Mechanisms with Solutions (PDF)
Practice Exam A (PDF), Solutions (PDF) Practice Exam B (PDF), Solutions (PDF) Exam 2: Gears, Springs, Sensors, Programming, Drawing, etc. with Solutions (PDF)
Practice Exam A (PDF), Solutions (PDF) </description>
    </item>
    
    <item>
      <title>MIT2_007s09_exam01A.pdf</title>
      <link>/resources/mit2_007s09_exam01a/data.json</link>
      <pubDate>Mon, 01 Jan 0001 00:00:00 +0000</pubDate>
      
      <guid>/resources/mit2_007s09_exam01a/data.json</guid>
      <description>This resource contains problems and practice questions for the course.</description>
    </item>
    
    <item>
      <title>MIT2_007s09_exam01B.pdf</title>
      <link>/resources/mit2_007s09_exam01b/data.json</link>
      <pubDate>Mon, 01 Jan 0001 00:00:00 +0000</pubDate>
      
      <guid>/resources/mit2_007s09_exam01b/data.json</guid>
      <description>This resource contains practice exam questions for the course.</description>
    </item>
    
    <item>
      <title>MIT2_007s09_exam02A.pdf</title>
      <link>/resources/mit2_007s09_exam02a/data.json</link>
      <pubDate>Mon, 01 Jan 0001 00:00:00 +0000</pubDate>
      
      <guid>/resources/mit2_007s09_exam02a/data.json</guid>
      <description>This resource contains draft exam papers.</description>
    </item>
    
    <item>
      <title>MIT2_007s09_sol_exam01.pdf</title>
      <link>/resources/mit2_007s09_sol_exam01/data.json</link>
      <pubDate>Mon, 01 Jan 0001 00:00:00 +0000</pubDate>
      
      <guid>/resources/mit2_007s09_sol_exam01/data.json</guid>
      <description>This resource contains solution about drawing, CAD, motors, pneumatics, and mechanisms with solutions.</description>
    </item>
    
    <item>
      <title>MIT2_007s09_sol_exam01A.pdf</title>
      <link>/resources/mit2_007s09_sol_exam01a/data.json</link>
      <pubDate>Mon, 01 Jan 0001 00:00:00 +0000</pubDate>
      
      <guid>/resources/mit2_007s09_sol_exam01a/data.json</guid>
      <description>This resource contains 6 solution about practice exam on drawing, CAD, motors, pneumatics, and mechanisms.</description>
    </item>
    
    <item>
      <title>MIT2_007s09_sol_exam01B.pdf</title>
      <link>/resources/mit2_007s09_sol_exam01b/data.json</link>
      <pubDate>Mon, 01 Jan 0001 00:00:00 +0000</pubDate>
      
      <guid>/resources/mit2_007s09_sol_exam01b/data.json</guid>
      <description>This resource contains 8 solution about exam on drawing, CAD, motors, pneumatics, and mechanisms.</description>
    </item>
    
    <item>
      <title>MIT2_007s09_sol_exam02.pdf</title>
      <link>/resources/mit2_007s09_sol_exam02/data.json</link>
      <pubDate>Mon, 01 Jan 0001 00:00:00 +0000</pubDate>
      
      <guid>/resources/mit2_007s09_sol_exam02/data.json</guid>
      <description>This resource contains 11 solution of exam on gears, springs, sensors, programming, drawing, etc.</description>
    </item>
    
    <item>
      <title>MIT2_007s09_sol_exam02A.pdf</title>
      <link>/resources/mit2_007s09_sol_exam02a/data.json</link>
      <pubDate>Mon, 01 Jan 0001 00:00:00 +0000</pubDate>
      
      <guid>/resources/mit2_007s09_sol_exam02a/data.json</guid>
      <description>This resource contains 11 solution about draft exam on gears, springs, mechanisms, and drawing.</description>
    </item>
    
  </channel>
</rss>
