{
  "title":"2-007s09.jpg",
  "description": "The challenge for this year's 2.007 robots is to clean up the environment. (Courtesy Dan Frey.)",
  "file": "/courses/2-007-design-and-manufacturing-i-spring-2009/40036a167620d5dbd099a55e242f542b_2-007s09.jpg",
  "learning_resource_types": [],
  "resource_type": "Image",
  "file_type": "image/jpeg",
  "image_metadata": {"caption":"The challenge for this year's 2.007 robots is to clean up the environment. (Image by Daniel Frey.)","credit":"","image-alt":"A photo of the 2009 competition table, with a row of skyscrapers dividing it into an area for each robot containing cans and bales of trash to be crushed and stacked in the appropriate target area."}}
